Workbook

Sheet Инструкция
A1: Система управления рисками организации (СУР)
B2: Инструмент риск-менеджера: единый реестр рисков, план обработки и тепловая карта. Соответствует ISO 31000:2018 и COSO ERM 2017.
B4: 1. Состав книги
B5: Лист | C5: Назначение | D5: Основной пользователь
B6: Инструкция | C6: Описание книги, порядок работы, сопоставление с ISO 31000 и COSO ERM | D6: Риск-менеджер
B7: Справочники | C7: Шкалы вероятности, влияния, уровня риска и риск-аппетита; списки для выпадающих меню | D7: Риск-менеджер
B8: Реестр рисков | C8: Единый реестр: идентификация, оценка присущего и остаточного риска, стратегия реагирования | D8: Риск-менеджер, владельцы рисков
B9: План обработки рисков | C9: Мероприятия по обработке риска, ответственные, сроки, статус выполнения | D9: Владельцы рисков
B10: Матрица рисков | C10: Тепловая карта 5x5 и сводка по зонам риска для отчётности руководству | D10: Руководство / Комитет по рискам
B12: 2. Порядок работы с книгой (5 шагов)
B13: Шаг 1 | C13: Настройте справочники — проверьте и при необходимости адаптируйте шкалы вероятности/влияния, категории и статусы под специфику организации (лист «Справочники»).
B14: Шаг 2 | C14: Заполните реестр рисков — внесите выявленные риски, оцените присущий (inherent) риск, опишите контроли и оцените остаточный (residual) риск (лист «Реестр рисков»).
B15: Шаг 3 | C15: Создайте план обработки риска — для рисков вне риск-аппетита определите мероприятия, ответственных и сроки (лист «План обработки рисков»).
B16: Шаг 4 | C16: Используйте матрицу рисков — визуализируйте риски на тепловой карте для приоритизации и подготовки отчётности руководству (лист «Матрица рисков»).
B17: Шаг 5 | C17: Проводите регулярный пересмотр — отслеживайте статусы, сроки следующего пересмотра и обновляйте оценки по мере изменения контекста.
B19: 3. Трассируемость к методологии
B20: Элемент системы | C20: ISO 31000:2018 | D20: COSO ERM 2017
B21: Справочники (шкалы) | C21: Установление критериев оценки риска (п. 5.3) | D21: Strategy & Objective-Setting
B22: Реестр рисков — идентификация/причины/последствия | C22: Идентификация риска | D22: Performance
B23: Реестр рисков — вероятность/влияние/уровень | C23: Анализ риска | D23: Performance
B24: Матрица рисков | C24: Оценивание риска (Risk Evaluation) | D24: Performance, Information & Reporting
B25: Реестр рисков — стратегия реагирования | C25: Обработка риска (Risk Treatment) | D25: Performance
B26: План обработки рисков | C26: Обработка риска (Risk Treatment) | D26: Performance
B27: Дата следующего пересмотра, статус мероприятий | C27: Мониторинг и пересмотр | D27: Review & Revision
B28: Владелец риска / Ответственный | C28: Коммуникация и консультирование | D28: Governance & Culture
B30: Методологическая база: ISO 31000:2018, COSO ERM 2017. Формат: книга Excel (.xlsx) с формулами и условным форматированием.

Sheet Справочники
A1: Справочники
B3: Шкала вероятности риска (1-5)
B4: Балл | C4: Наименование | D4: Описание (частота)
B5: 1 | C5: Редко | D5: Событие может произойти только в исключительных обстоятельствах (реже 1 раза в 5 лет)
B6: 2 | C6: Маловероятно | D6: Событие может произойти в отдельных случаях (примерно 1 раз в 3-5 лет)
B7: 3 | C7: Возможно | D7: Событие может произойти при определённых условиях (примерно 1 раз в 1-3 года)
B8: 4 | C8: Вероятно | D8: Событие, скорее всего, произойдёт в большинстве случаев (примерно 1 раз в год)
B9: 5 | C9: Практически неизбежно | D9: Ожидается наступление события в большинстве обстоятельств (несколько раз в год)
B11: Шкала влияния риска (1-5)
B12: Балл | C12: Наименование | D12: Описание (финансовый / операционный / репутационный эффект)
B13: 1 | C13: Незначительное | D13: Минимальное влияние на финансовые показатели и операции; потери < 0,1% годового бюджета
B14: 2 | C14: Низкое | D14: Ограниченное влияние, устраняется в рамках текущей деятельности; потери 0,1-1% годового бюджета
B15: 3 | C15: Умеренное | D15: Заметное влияние на результаты подразделения, требует управленческого вмешательства; потери 1-5% годового бюджета
B16: 4 | C16: Высокое | D16: Существенное влияние на результаты организации, возможен репутационный ущерб; потери 5-15% годового бюджета
B17: 5 | C17: Критическое | D17: Угроза непрерывности деятельности, серьёзный репутационный/регуляторный ущерб; потери > 15% годового бюджета
B19: Шкала уровня риска и риск-аппетит (5 зон)
B20: От | C20: До | D20: Зона | E20: Цвет | F20: Рекомендуемое реагирование
B21: 1 | C21: 4 | D21: Незначительный | F21: Принятие риска, мониторинг без дополнительных мер
B22: 5 | C22: 9 | D22: Низкий | F22: Принятие риска либо точечные меры контроля, периодический мониторинг
B23: 10 | C23: 14 | D23: Средний | F23: Разработка мер снижения риска, назначение ответственного и сроков
B24: 15 | C24: 19 | D24: Высокий | F24: Обязательный план обработки риска, регулярный контроль руководством
B25: 20 | C25: 25 | D25: Критический | F25: Немедленное реагирование, эскалация на уровень высшего руководства
B27: Справочные списки (для выпадающих меню)
B28: Категории риска | C28: Стратегии реагирования | D28: Статусы риска | E28: Эффективность контролей | F28: Статусы мероприятий плана
B29: Операционный | C29: Избежание | D29: Открыт | E29: Эффективен | F29: Не начато
B30: Финансовый | C30: Снижение | D30: В работе | E30: Частично эффективен | F30: В работе
B31: Комплаенс | C31: Передача | D31: Под контролем | E31: Неэффективен | F31: Завершено
B32: HR (кадровый) | C32: Принятие | D32: Закрыт | E32: Отсутствует | F32: Просрочено
B33: ИБ (информационная безопасность) | F33: Отменено
B34: Стратегический
B35: Проектный
B36: Репутационный

Sheet Реестр рисков
A1: Реестр рисков
A3: ID | B3: Категория | C3: Наименование риска | D3: Причина возникновения | E3: Последствия / влияние | F3: Владелец риска | G3: Дата выявления | H3: Вероятность (присущий) | I3: Влияние (присущий) | J3: Уровень риска (присущий) | K3: Зона (присущий) | L3: Существующие меры контроля | M3: Эффективность контролей | N3: Вероятность (остаточный) | O3: Влияние (остаточный) | P3: Уровень риска (остаточный) | Q3: Зона (остаточный) | R3: Стратегия реагирования | S3: Статус риска | T3: Дата следующего пересмотра | U3: ID плана обработки
A4: =IF(C4="","","R-"&TEXT(ROW()-3,"000")) -> R-001 | B4: Операционный | C4: Сбой ключевого производственного оборудования | D4: Износ оборудования, отсутствие планового ТО | E4: Остановка производства, срыв поставок | F4: Директор по производству | G4: 2026-01-15 | H4: 4 | I4: 4 | J4: =IF(OR(H4="",I4=""),"",H4*I4) -> 16 | K4: =IF(J4="","",VLOOKUP(J4,RiskZoneTable,3,TRUE())) -> Высокий | L4: Плановое ТО раз в квартал, резервное оборудование | M4: Частично эффективен | N4: 3 | O4: 3 | P4: =IF(OR(N4="",O4=""),"",N4*O4) -> 9 | Q4: =IF(P4="","",VLOOKUP(P4,RiskZoneTable,3,TRUE())) -> Низкий | R4: Снижение | S4: В работе | T4: 2026-09-01 | U4: {=IF(A4="","",_xlfn.TEXTJOIN(", ",TRUE(),IF('План обработки рисков'!$B$4:$B$39=A4,'План обработки рисков'!$A$4:$A$39,"")))} -> T-001, T-006
A5: =IF(C5="","","R-"&TEXT(ROW()-3,"000")) -> R-002 | B5: Финансовый | C5: Валютный риск при закупках в иностранной валюте | D5: Колебания курса USD/EUR при импорте сырья | E5: Рост себестоимости, снижение маржи | F5: Финансовый директор | G5: 2026-02-01 | H5: 4 | I5: 3 | J5: =IF(OR(H5="",I5=""),"",H5*I5) -> 12 | K5: =IF(J5="","",VLOOKUP(J5,RiskZoneTable,3,TRUE())) -> Средний | L5: Частичное валютное хеджирование форвардными контрактами | M5: Эффективен | N5: 2 | O5: 3 | P5: =IF(OR(N5="",O5=""),"",N5*O5) -> 6 | Q5: =IF(P5="","",VLOOKUP(P5,RiskZoneTable,3,TRUE())) -> Низкий | R5: Снижение | S5: Под контролем | T5: 2026-08-15 | U5: {=IF(A5="","",_xlfn.TEXTJOIN(", ",TRUE(),IF('План обработки рисков'!$B$4:$B$39=A5,'План обработки рисков'!$A$4:$A$39,"")))} -> T-002
A6: =IF(C6="","","R-"&TEXT(ROW()-3,"000")) -> R-003 | B6: Комплаенс | C6: Несоответствие требованиям законодательства о персональных данных | D6: Устаревшие процедуры обработки ПДн, отсутствие обучения персонала | E6: Штрафы регулятора, репутационные потери | F6: Руководитель службы комплаенс | G6: 2026-01-20 | H6: 3 | I6: 4 | J6: =IF(OR(H6="",I6=""),"",H6*I6) -> 12 | K6: =IF(J6="","",VLOOKUP(J6,RiskZoneTable,3,TRUE())) -> Средний | L6: Политика обработки ПДн, назначен ответственный (DPO) | M6: Частично эффективен | N6: 1 | O6: 3 | P6: =IF(OR(N6="",O6=""),"",N6*O6) -> 3 | Q6: =IF(P6="","",VLOOKUP(P6,RiskZoneTable,3,TRUE())) -> Незначительный | R6: Снижение | S6: В работе | T6: 2026-07-30 | U6: {=IF(A6="","",_xlfn.TEXTJOIN(", ",TRUE(),IF('План обработки рисков'!$B$4:$B$39=A6,'План обработки рисков'!$A$4:$A$39,"")))} -> T-003
A7: =IF(C7="","","R-"&TEXT(ROW()-3,"000")) -> R-004 | B7: HR (кадровый) | C7: Отток ключевых сотрудников | D7: Недостаточная конкурентоспособность оплаты труда, отсутствие карьерных треков | E7: Потеря экспертизы, рост затрат на найм и адаптацию | F7: HR-директор | G7: 2026-02-10 | H7: 4 | I7: 4 | J7: =IF(OR(H7="",I7=""),"",H7*I7) -> 16 | K7: =IF(J7="","",VLOOKUP(J7,RiskZoneTable,3,TRUE())) -> Высокий | L7: Программа удержания, регулярный обзор заработных плат | M7: Частично эффективен | N7: 3 | O7: 3 | P7: =IF(OR(N7="",O7=""),"",N7*O7) -> 9 | Q7: =IF(P7="","",VLOOKUP(P7,RiskZoneTable,3,TRUE())) -> Низкий | R7: Снижение | S7: Открыт | T7: 2026-10-01 | U7: {=IF(A7="","",_xlfn.TEXTJOIN(", ",TRUE(),IF('План обработки рисков'!$B$4:$B$39=A7,'План обработки рисков'!$A$4:$A$39,"")))}
A8: =IF(C8="","","R-"&TEXT(ROW()-3,"000")) -> R-005 | B8: ИБ (информационная безопасность) | C8: Утечка конфиденциальных данных вследствие кибератаки | D8: Уязвимости периметровой защиты, фишинговые атаки на сотрудников | E8: Утрата данных, штрафы регулятора, репутационный ущерб | F8: Директор по ИБ (CISO) | G8: 2026-01-25 | H8: 4 | I8: 5 | J8: =IF(OR(H8="",I8=""),"",H8*I8) -> 20 | K8: =IF(J8="","",VLOOKUP(J8,RiskZoneTable,3,TRUE())) -> Критический | L8: SIEM-система, обучение сотрудников, многофакторная аутентификация | M8: Эффективен | N8: 2 | O8: 3 | P8: =IF(OR(N8="",O8=""),"",N8*O8) -> 6 | Q8: =IF(P8="","",VLOOKUP(P8,RiskZoneTable,3,TRUE())) -> Низкий | R8: Снижение | S8: В работе | T8: 2026-07-15 | U8: {=IF(A8="","",_xlfn.TEXTJOIN(", ",TRUE(),IF('План обработки рисков'!$B$4:$B$39=A8,'План обработки рисков'!$A$4:$A$39,"")))} -> T-004
A9: =IF(C9="","","R-"&TEXT(ROW()-3,"000")) -> R-006 | B9: Стратегический | C9: Потеря доли рынка из-за выхода нового конкурента | D9: Появление технологичного конкурента с более низкой ценой | E9: Снижение выручки, отток клиентов | F9: Генеральный директор | G9: 2026-02-05 | H9: 3 | I9: 3 | J9: =IF(OR(H9="",I9=""),"",H9*I9) -> 9 | K9: =IF(J9="","",VLOOKUP(J9,RiskZoneTable,3,TRUE())) -> Низкий | L9: Мониторинг конкурентной среды, программа лояльности клиентов | M9: Частично эффективен | N9: 2 | O9: 2 | P9: =IF(OR(N9="",O9=""),"",N9*O9) -> 4 | Q9: =IF(P9="","",VLOOKUP(P9,RiskZoneTable,3,TRUE())) -> Незначительный | R9: Принятие | S9: Открыт | T9: 2026-12-01 | U9: {=IF(A9="","",_xlfn.TEXTJOIN(", ",TRUE(),IF('План обработки рисков'!$B$4:$B$39=A9,'План обработки рисков'!$A$4:$A$39,"")))}
A10: =IF(C10="","","R-"&TEXT(ROW()-3,"000")) -> R-007 | B10: Проектный | C10: Срыв сроков запуска ИТ-проекта внедрения ERP-системы | D10: Недооценка сложности интеграции, нехватка квалифицированных ресурсов | E10: Превышение бюджета, задержка получения выгод от проекта | F10: Руководитель проекта | G10: 2026-03-01 | H10: 4 | I10: 3 | J10: =IF(OR(H10="",I10=""),"",H10*I10) -> 12 | K10: =IF(J10="","",VLOOKUP(J10,RiskZoneTable,3,TRUE())) -> Средний | L10: Еженедельный контроль хода проекта, резерв бюджета на риски | M10: Частично эффективен | N10: 3 | O10: 2 | P10: =IF(OR(N10="",O10=""),"",N10*O10) -> 6 | Q10: =IF(P10="","",VLOOKUP(P10,RiskZoneTable,3,TRUE())) -> Низкий | R10: Снижение | S10: В работе | T10: 2026-08-01 | U10: {=IF(A10="","",_xlfn.TEXTJOIN(", ",TRUE(),IF('План обработки рисков'!$B$4:$B$39=A10,'План обработки рисков'!$A$4:$A$39,"")))} -> T-005
A11: =IF(C11="","","R-"&TEXT(ROW()-3,"000")) | J11: =IF(OR(H11="",I11=""),"",H11*I11) | K11: =IF(J11="","",VLOOKUP(J11,RiskZoneTable,3,TRUE())) | P11: =IF(OR(N11="",O11=""),"",N11*O11) | Q11: =IF(P11="","",VLOOKUP(P11,RiskZoneTable,3,TRUE())) | U11: {=IF(A11="","",_xlfn.TEXTJOIN(", ",TRUE(),IF('План обработки рисков'!$B$4:$B$39=A11,'План обработки рисков'!$A$4:$A$39,"")))}
A12: =IF(C12="","","R-"&TEXT(ROW()-3,"000")) | J12: =IF(OR(H12="",I12=""),"",H12*I12) | K12: =IF(J12="","",VLOOKUP(J12,RiskZoneTable,3,TRUE())) | P12: =IF(OR(N12="",O12=""),"",N12*O12) | Q12: =IF(P12="","",VLOOKUP(P12,RiskZoneTable,3,TRUE())) | U12: {=IF(A12="","",_xlfn.TEXTJOIN(", ",TRUE(),IF('План обработки рисков'!$B$4:$B$39=A12,'План обработки рисков'!$A$4:$A$39,"")))}
A13: =IF(C13="","","R-"&TEXT(ROW()-3,"000")) | J13: =IF(OR(H13="",I13=""),"",H13*I13) | K13: =IF(J13="","",VLOOKUP(J13,RiskZoneTable,3,TRUE())) | P13: =IF(OR(N13="",O13=""),"",N13*O13) | Q13: =IF(P13="","",VLOOKUP(P13,RiskZoneTable,3,TRUE())) | U13: {=IF(A13="","",_xlfn.TEXTJOIN(", ",TRUE(),IF('План обработки рисков'!$B$4:$B$39=A13,'План обработки рисков'!$A$4:$A$39,"")))}
A14: =IF(C14="","","R-"&TEXT(ROW()-3,"000")) | J14: =IF(OR(H14="",I14=""),"",H14*I14) | K14: =IF(J14="","",VLOOKUP(J14,RiskZoneTable,3,TRUE())) | P14: =IF(OR(N14="",O14=""),"",N14*O14) | Q14: =IF(P14="","",VLOOKUP(P14,RiskZoneTable,3,TRUE())) | U14: {=IF(A14="","",_xlfn.TEXTJOIN(", ",TRUE(),IF('План обработки рисков'!$B$4:$B$39=A14,'План обработки рисков'!$A$4:$A$39,"")))}
A15: =IF(C15="","","R-"&TEXT(ROW()-3,"000")) | J15: =IF(OR(H15="",I15=""),"",H15*I15) | K15: =IF(J15="","",VLOOKUP(J15,RiskZoneTable,3,TRUE())) | P15: =IF(OR(N15="",O15=""),"",N15*O15) | Q15: =IF(P15="","",VLOOKUP(P15,RiskZoneTable,3,TRUE())) | U15: {=IF(A15="","",_xlfn.TEXTJOIN(", ",TRUE(),IF('План обработки рисков'!$B$4:$B$39=A15,'План обработки рисков'!$A$4:$A$39,"")))}
A16: =IF(C16="","","R-"&TEXT(ROW()-3,"000")) | J16: =IF(OR(H16="",I16=""),"",H16*I16) | K16: =IF(J16="","",VLOOKUP(J16,RiskZoneTable,3,TRUE())) | P16: =IF(OR(N16="",O16=""),"",N16*O16) | Q16: =IF(P16="","",VLOOKUP(P16,RiskZoneTable,3,TRUE())) | U16: {=IF(A16="","",_xlfn.TEXTJOIN(", ",TRUE(),IF('План обработки рисков'!$B$4:$B$39=A16,'План обработки рисков'!$A$4:$A$39,"")))}
A17: =IF(C17="","","R-"&TEXT(ROW()-3,"000")) | J17: =IF(OR(H17="",I17=""),"",H17*I17) | K17: =IF(J17="","",VLOOKUP(J17,RiskZoneTable,3,TRUE())) | P17: =IF(OR(N17="",O17=""),"",N17*O17) | Q17: =IF(P17="","",VLOOKUP(P17,RiskZoneTable,3,TRUE())) | U17: {=IF(A17="","",_xlfn.TEXTJOIN(", ",TRUE(),IF('План обработки рисков'!$B$4:$B$39=A17,'План обработки рисков'!$A$4:$A$39,"")))}
A18: =IF(C18="","","R-"&TEXT(ROW()-3,"000")) | J18: =IF(OR(H18="",I18=""),"",H18*I18) | K18: =IF(J18="","",VLOOKUP(J18,RiskZoneTable,3,TRUE())) | P18: =IF(OR(N18="",O18=""),"",N18*O18) | Q18: =IF(P18="","",VLOOKUP(P18,RiskZoneTable,3,TRUE())) | U18: {=IF(A18="","",_xlfn.TEXTJOIN(", ",TRUE(),IF('План обработки рисков'!$B$4:$B$39=A18,'План обработки рисков'!$A$4:$A$39,"")))}
A19: =IF(C19="","","R-"&TEXT(ROW()-3,"000")) | J19: =IF(OR(H19="",I19=""),"",H19*I19) | K19: =IF(J19="","",VLOOKUP(J19,RiskZoneTable,3,TRUE())) | P19: =IF(OR(N19="",O19=""),"",N19*O19) | Q19: =IF(P19="","",VLOOKUP(P19,RiskZoneTable,3,TRUE())) | U19: {=IF(A19="","",_xlfn.TEXTJOIN(", ",TRUE(),IF('План обработки рисков'!$B$4:$B$39=A19,'План обработки рисков'!$A$4:$A$39,"")))}
A20: =IF(C20="","","R-"&TEXT(ROW()-3,"000")) | J20: =IF(OR(H20="",I20=""),"",H20*I20) | K20: =IF(J20="","",VLOOKUP(J20,RiskZoneTable,3,TRUE())) | P20: =IF(OR(N20="",O20=""),"",N20*O20) | Q20: =IF(P20="","",VLOOKUP(P20,RiskZoneTable,3,TRUE())) | U20: {=IF(A20="","",_xlfn.TEXTJOIN(", ",TRUE(),IF('План обработки рисков'!$B$4:$B$39=A20,'План обработки рисков'!$A$4:$A$39,"")))}
A21: =IF(C21="","","R-"&TEXT(ROW()-3,"000")) | J21: =IF(OR(H21="",I21=""),"",H21*I21) | K21: =IF(J21="","",VLOOKUP(J21,RiskZoneTable,3,TRUE())) | P21: =IF(OR(N21="",O21=""),"",N21*O21) | Q21: =IF(P21="","",VLOOKUP(P21,RiskZoneTable,3,TRUE())) | U21: {=IF(A21="","",_xlfn.TEXTJOIN(", ",TRUE(),IF('План обработки рисков'!$B$4:$B$39=A21,'План обработки рисков'!$A$4:$A$39,"")))}
A22: =IF(C22="","","R-"&TEXT(ROW()-3,"000")) | J22: =IF(OR(H22="",I22=""),"",H22*I22) | K22: =IF(J22="","",VLOOKUP(J22,RiskZoneTable,3,TRUE())) | P22: =IF(OR(N22="",O22=""),"",N22*O22) | Q22: =IF(P22="","",VLOOKUP(P22,RiskZoneTable,3,TRUE())) | U22: {=IF(A22="","",_xlfn.TEXTJOIN(", ",TRUE(),IF('План обработки рисков'!$B$4:$B$39=A22,'План обработки рисков'!$A$4:$A$39,"")))}
... A50: =IF(C50="","","R-"&TEXT(ROW()-3,"000")) | J50: =IF(OR(H50="",I50=""),"",H50*I50) | K50: =IF(J50="","",VLOOKUP(J50,RiskZoneTable,3,TRUE())) | P50: =IF(OR(N50="",O50=""),"",N50*O50) | Q50: =IF(P50="","",VLOOKUP(P50,RiskZoneTable,3,TRUE())) | U50: {=IF(A50="","",_xlfn.TEXTJOIN(", ",TRUE(),IF('План обработки рисков'!$B$4:$B$39=A50,'План обработки рисков'!$A$4:$A$39,"")))}

Sheet План обработки рисков
A1: План обработки рисков
A3: ID мероприятия | B3: ID риска | C3: Наименование риска | D3: Стратегия реагирования | E3: Мероприятие / действие | F3: Ответственный | G3: Ресурсы / бюджет | H3: Дата начала | I3: Дата завершения | J3: KRI / индикатор контроля | K3: Целевой остаточный уровень риска | L3: Статус выполнения | M3: % выполнения | N3: Комментарии
A4: =IF(B4="","","T-"&TEXT(ROW()-3,"000")) -> T-001 | B4: R-001 | C4: =IF(B4="","",IFERROR(VLOOKUP(B4,'Реестр рисков'!$A$4:$U$50,3,FALSE()),"")) -> Сбой ключевого производственного оборудования | D4: =IF(B4="","",IFERROR(VLOOKUP(B4,'Реестр рисков'!$A$4:$U$50,18,FALSE()),"")) -> Снижение | E4: Внедрить систему мониторинга состояния оборудования (IIoT-датчики) | F4: Главный инженер | G4: 2 500 000 руб. | H4: 2026-03-01 | I4: 2026-08-31 | J4: Количество внеплановых простоев в месяц | K4: 6 | L4: В работе | M4: 0.4 | N4: Пилот запущен на 2 производственных линиях
A5: =IF(B5="","","T-"&TEXT(ROW()-3,"000")) -> T-002 | B5: R-002 | C5: =IF(B5="","",IFERROR(VLOOKUP(B5,'Реестр рисков'!$A$4:$U$50,3,FALSE()),"")) -> Валютный риск при закупках в иностранной валюте | D5: =IF(B5="","",IFERROR(VLOOKUP(B5,'Реестр рисков'!$A$4:$U$50,18,FALSE()),"")) -> Снижение | E5: Заключить дополнительные форвардные контракты на 70% объёма валютных закупок | F5: Казначей | G5: Внутренние трудозатраты | H5: 2026-02-01 | I5: 2026-05-31 | J5: Доля захеджированных закупок | K5: 4 | L5: Завершено | M5: 1 | N5: Контракты подписаны с банком-партнёром
A6: =IF(B6="","","T-"&TEXT(ROW()-3,"000")) -> T-003 | B6: R-003 | C6: =IF(B6="","",IFERROR(VLOOKUP(B6,'Реестр рисков'!$A$4:$U$50,3,FALSE()),"")) -> Несоответствие требованиям законодательства о персональных данных | D6: =IF(B6="","",IFERROR(VLOOKUP(B6,'Реестр рисков'!$A$4:$U$50,18,FALSE()),"")) -> Снижение | E6: Провести аудит процессов обработки персональных данных и обучить персонал | F6: Ответственный за защиту данных (DPO) | G6: 300 000 руб. | H6: 2026-02-01 | I6: 2026-06-30 | J6: Доля сотрудников, прошедших обучение | K6: 3 | L6: В работе | M6: 0.6 | N6: Обучение проведено в 3 из 5 подразделений
A7: =IF(B7="","","T-"&TEXT(ROW()-3,"000")) -> T-004 | B7: R-005 | C7: =IF(B7="","",IFERROR(VLOOKUP(B7,'Реестр рисков'!$A$4:$U$50,3,FALSE()),"")) -> Утечка конфиденциальных данных вследствие кибератаки | D7: =IF(B7="","",IFERROR(VLOOKUP(B7,'Реестр рисков'!$A$4:$U$50,18,FALSE()),"")) -> Снижение | E7: Внедрить многофакторную аутентификацию для всех критичных систем | F7: Директор по ИБ (CISO) | G7: 1 200 000 руб. | H7: 2026-01-15 | I7: 2026-04-30 | J7: Доля критичных систем с MFA | K7: 6 | L7: В работе | M7: 0.7 | N7: Осталось подключить 2 legacy-системы
A8: =IF(B8="","","T-"&TEXT(ROW()-3,"000")) -> T-005 | B8: R-007 | C8: =IF(B8="","",IFERROR(VLOOKUP(B8,'Реестр рисков'!$A$4:$U$50,3,FALSE()),"")) -> Срыв сроков запуска ИТ-проекта внедрения ERP-системы | D8: =IF(B8="","",IFERROR(VLOOKUP(B8,'Реестр рисков'!$A$4:$U$50,18,FALSE()),"")) -> Снижение | E8: Привлечь дополнительного интегратора для критичного модуля ERP | F8: Руководитель проекта | G8: 4 000 000 руб. | H8: 2026-03-15 | I8: 2026-09-30 | J8: % выполнения плана проекта | K8: 6 | L8: Не начато | M8: 0 | N8: Ожидается решение бюджетного комитета
A9: =IF(B9="","","T-"&TEXT(ROW()-3,"000")) -> T-006 | B9: R-001 | C9: =IF(B9="","",IFERROR(VLOOKUP(B9,'Реестр рисков'!$A$4:$U$50,3,FALSE()),"")) -> Сбой ключевого производственного оборудования | D9: =IF(B9="","",IFERROR(VLOOKUP(B9,'Реестр рисков'!$A$4:$U$50,18,FALSE()),"")) -> Снижение | E9: Создать резервный склад запасных частей для критичного оборудования | F9: Директор по производству | G9: 800 000 руб. | H9: 2026-04-01 | I9: 2026-07-31 | J9: Время восстановления после отказа (MTTR) | K9: 6 | L9: В работе | M9: 0.55
A10: =IF(B10="","","T-"&TEXT(ROW()-3,"000")) | C10: =IF(B10="","",IFERROR(VLOOKUP(B10,'Реестр рисков'!$A$4:$U$50,3,FALSE()),"")) | D10: =IF(B10="","",IFERROR(VLOOKUP(B10,'Реестр рисков'!$A$4:$U$50,18,FALSE()),""))
A11: =IF(B11="","","T-"&TEXT(ROW()-3,"000")) | C11: =IF(B11="","",IFERROR(VLOOKUP(B11,'Реестр рисков'!$A$4:$U$50,3,FALSE()),"")) | D11: =IF(B11="","",IFERROR(VLOOKUP(B11,'Реестр рисков'!$A$4:$U$50,18,FALSE()),""))
A12: =IF(B12="","","T-"&TEXT(ROW()-3,"000")) | C12: =IF(B12="","",IFERROR(VLOOKUP(B12,'Реестр рисков'!$A$4:$U$50,3,FALSE()),"")) | D12: =IF(B12="","",IFERROR(VLOOKUP(B12,'Реестр рисков'!$A$4:$U$50,18,FALSE()),""))
A13: =IF(B13="","","T-"&TEXT(ROW()-3,"000")) | C13: =IF(B13="","",IFERROR(VLOOKUP(B13,'Реестр рисков'!$A$4:$U$50,3,FALSE()),"")) | D13: =IF(B13="","",IFERROR(VLOOKUP(B13,'Реестр рисков'!$A$4:$U$50,18,FALSE()),""))
A14: =IF(B14="","","T-"&TEXT(ROW()-3,"000")) | C14: =IF(B14="","",IFERROR(VLOOKUP(B14,'Реестр рисков'!$A$4:$U$50,3,FALSE()),"")) | D14: =IF(B14="","",IFERROR(VLOOKUP(B14,'Реестр рисков'!$A$4:$U$50,18,FALSE()),""))
A15: =IF(B15="","","T-"&TEXT(ROW()-3,"000")) | C15: =IF(B15="","",IFERROR(VLOOKUP(B15,'Реестр рисков'!$A$4:$U$50,3,FALSE()),"")) | D15: =IF(B15="","",IFERROR(VLOOKUP(B15,'Реестр рисков'!$A$4:$U$50,18,FALSE()),""))
A16: =IF(B16="","","T-"&TEXT(ROW()-3,"000")) | C16: =IF(B16="","",IFERROR(VLOOKUP(B16,'Реестр рисков'!$A$4:$U$50,3,FALSE()),"")) | D16: =IF(B16="","",IFERROR(VLOOKUP(B16,'Реестр рисков'!$A$4:$U$50,18,FALSE()),""))
A17: =IF(B17="","","T-"&TEXT(ROW()-3,"000")) | C17: =IF(B17="","",IFERROR(VLOOKUP(B17,'Реестр рисков'!$A$4:$U$50,3,FALSE()),"")) | D17: =IF(B17="","",IFERROR(VLOOKUP(B17,'Реестр рисков'!$A$4:$U$50,18,FALSE()),""))
A18: =IF(B18="","","T-"&TEXT(ROW()-3,"000")) | C18: =IF(B18="","",IFERROR(VLOOKUP(B18,'Реестр рисков'!$A$4:$U$50,3,FALSE()),"")) | D18: =IF(B18="","",IFERROR(VLOOKUP(B18,'Реестр рисков'!$A$4:$U$50,18,FALSE()),""))
A19: =IF(B19="","","T-"&TEXT(ROW()-3,"000")) | C19: =IF(B19="","",IFERROR(VLOOKUP(B19,'Реестр рисков'!$A$4:$U$50,3,FALSE()),"")) | D19: =IF(B19="","",IFERROR(VLOOKUP(B19,'Реестр рисков'!$A$4:$U$50,18,FALSE()),""))
A20: =IF(B20="","","T-"&TEXT(ROW()-3,"000")) | C20: =IF(B20="","",IFERROR(VLOOKUP(B20,'Реестр рисков'!$A$4:$U$50,3,FALSE()),"")) | D20: =IF(B20="","",IFERROR(VLOOKUP(B20,'Реестр рисков'!$A$4:$U$50,18,FALSE()),""))
A21: =IF(B21="","","T-"&TEXT(ROW()-3,"000")) | C21: =IF(B21="","",IFERROR(VLOOKUP(B21,'Реестр рисков'!$A$4:$U$50,3,FALSE()),"")) | D21: =IF(B21="","",IFERROR(VLOOKUP(B21,'Реестр рисков'!$A$4:$U$50,18,FALSE()),""))
... A39: =IF(B39="","","T-"&TEXT(ROW()-3,"000")) | C39: =IF(B39="","",IFERROR(VLOOKUP(B39,'Реестр рисков'!$A$4:$U$50,3,FALSE()),"")) | D39: =IF(B39="","",IFERROR(VLOOKUP(B39,'Реестр рисков'!$A$4:$U$50,18,FALSE()),""))

Sheet Матрица рисков
A1: Матрица рисков (тепловая карта)
B3: Присущий (inherent) риск: количество рисков по сочетанию Вероятность x Влияние
D4: Вероятность
C5: Влияние | D5: 1 | E5: 2 | F5: 3 | G5: 4 | H5: 5
C6: 5 | D6: =COUNTIFS('Реестр рисков'!$H$4:$H$50,1,'Реестр рисков'!$I$4:$I$50,5) -> 0 | E6: =COUNTIFS('Реестр рисков'!$H$4:$H$50,2,'Реестр рисков'!$I$4:$I$50,5) -> 0 | F6: =COUNTIFS('Реестр рисков'!$H$4:$H$50,3,'Реестр рисков'!$I$4:$I$50,5) -> 0 | G6: =COUNTIFS('Реестр рисков'!$H$4:$H$50,4,'Реестр рисков'!$I$4:$I$50,5) -> 1 | H6: =COUNTIFS('Реестр рисков'!$H$4:$H$50,5,'Реестр рисков'!$I$4:$I$50,5) -> 0
C7: 4 | D7: =COUNTIFS('Реестр рисков'!$H$4:$H$50,1,'Реестр рисков'!$I$4:$I$50,4) -> 0 | E7: =COUNTIFS('Реестр рисков'!$H$4:$H$50,2,'Реестр рисков'!$I$4:$I$50,4) -> 0 | F7: =COUNTIFS('Реестр рисков'!$H$4:$H$50,3,'Реестр рисков'!$I$4:$I$50,4) -> 1 | G7: =COUNTIFS('Реестр рисков'!$H$4:$H$50,4,'Реестр рисков'!$I$4:$I$50,4) -> 2 | H7: =COUNTIFS('Реестр рисков'!$H$4:$H$50,5,'Реестр рисков'!$I$4:$I$50,4) -> 0
C8: 3 | D8: =COUNTIFS('Реестр рисков'!$H$4:$H$50,1,'Реестр рисков'!$I$4:$I$50,3) -> 0 | E8: =COUNTIFS('Реестр рисков'!$H$4:$H$50,2,'Реестр рисков'!$I$4:$I$50,3) -> 0 | F8: =COUNTIFS('Реестр рисков'!$H$4:$H$50,3,'Реестр рисков'!$I$4:$I$50,3) -> 1 | G8: =COUNTIFS('Реестр рисков'!$H$4:$H$50,4,'Реестр рисков'!$I$4:$I$50,3) -> 2 | H8: =COUNTIFS('Реестр рисков'!$H$4:$H$50,5,'Реестр рисков'!$I$4:$I$50,3) -> 0
C9: 2 | D9: =COUNTIFS('Реестр рисков'!$H$4:$H$50,1,'Реестр рисков'!$I$4:$I$50,2) -> 0 | E9: =COUNTIFS('Реестр рисков'!$H$4:$H$50,2,'Реестр рисков'!$I$4:$I$50,2) -> 0 | F9: =COUNTIFS('Реестр рисков'!$H$4:$H$50,3,'Реестр рисков'!$I$4:$I$50,2) -> 0 | G9: =COUNTIFS('Реестр рисков'!$H$4:$H$50,4,'Реестр рисков'!$I$4:$I$50,2) -> 0 | H9: =COUNTIFS('Реестр рисков'!$H$4:$H$50,5,'Реестр рисков'!$I$4:$I$50,2) -> 0
C10: 1 | D10: =COUNTIFS('Реестр рисков'!$H$4:$H$50,1,'Реестр рисков'!$I$4:$I$50,1) -> 0 | E10: =COUNTIFS('Реестр рисков'!$H$4:$H$50,2,'Реестр рисков'!$I$4:$I$50,1) -> 0 | F10: =COUNTIFS('Реестр рисков'!$H$4:$H$50,3,'Реестр рисков'!$I$4:$I$50,1) -> 0 | G10: =COUNTIFS('Реестр рисков'!$H$4:$H$50,4,'Реестр рисков'!$I$4:$I$50,1) -> 0 | H10: =COUNTIFS('Реестр рисков'!$H$4:$H$50,5,'Реестр рисков'!$I$4:$I$50,1) -> 0
B12: Легенда
B13: Цвет | C13: Баллы | D13: Зона | E13: Рекомендуемое реагирование
C14: 1-4 | D14: Незначительный | E14: Принятие риска, мониторинг без дополнительных мер
C15: 5-9 | D15: Низкий | E15: Принятие риска либо точечные меры контроля, периодический мониторинг
C16: 10-14 | D16: Средний | E16: Разработка мер снижения риска, назначение ответственного и сроков
C17: 15-19 | D17: Высокий | E17: Обязательный план обработки риска, регулярный контроль руководством
C18: 20-25 | D18: Критический | E18: Немедленное реагирование, эскалация на уровень высшего руководства
B20: Итого рисков по зонам (присущий риск)
B21: Зона | C21: Диапазон баллов | D21: Количество рисков
B22: Незначительный | C22: 1-4 | D22: =COUNTIFS('Реестр рисков'!$J$4:$J$50,">="&Справочники!$B$21,'Реестр рисков'!$J$4:$J$50,"<="&Справочники!$C$21) -> 0
B23: Низкий | C23: 5-9 | D23: =COUNTIFS('Реестр рисков'!$J$4:$J$50,">="&Справочники!$B$22,'Реестр рисков'!$J$4:$J$50,"<="&Справочники!$C$22) -> 1
B24: Средний | C24: 10-14 | D24: =COUNTIFS('Реестр рисков'!$J$4:$J$50,">="&Справочники!$B$23,'Реестр рисков'!$J$4:$J$50,"<="&Справочники!$C$23) -> 3
B25: Высокий | C25: 15-19 | D25: =COUNTIFS('Реестр рисков'!$J$4:$J$50,">="&Справочники!$B$24,'Реестр рисков'!$J$4:$J$50,"<="&Справочники!$C$24) -> 2
B26: Критический | C26: 20-25 | D26: =COUNTIFS('Реестр рисков'!$J$4:$J$50,">="&Справочники!$B$25,'Реестр рисков'!$J$4:$J$50,"<="&Справочники!$C$25) -> 1
B27: Всего рисков в реестре | D27: =SUM(D22:D26) -> 7
